execution_order,pair_id,condition,seed
1,009,B,2339893828
2,042,A,928032469
3,100,B,479606782
4,097,C,2154028010
5,033,C,75713203
6,051,C,4083372293
7,012,C,3235500107
8,038,A,1820170948
9,077,A,2230687110
10,081,B,3530189210
11,011,C,1506621514
12,068,B,3492257102
13,050,A,981423875
14,001,A,2308902407
15,029,A,510867615
16,039,A,1562618055
17,098,B,4094446577
18,041,C,1869594319
19,093,A,3812590560
20,041,A,1869594319
21,019,C,3472502891
22,032,A,274346161
23,044,C,2246927084
24,058,A,3413471518
25,030,A,3904149664
26,002,C,3795515913
27,005,A,1497335328
28,038,C,1820170948
29,034,C,1589858488
30,045,C,4221910256
31,005,C,1497335328
32,099,C,2975542265
33,092,C,1654878176
34,036,B,3740019394
35,008,C,2352559164
36,058,C,3413471518
37,017,C,2351258215
38,035,A,2740849343
39,086,B,44577213
40,027,C,2246034056
41,016,C,1441341029
42,008,A,2352559164
43,020,A,879642736
44,086,A,44577213
45,099,A,2975542265
46,097,A,2154028010
47,023,B,2413431416
48,029,B,510867615
49,020,C,879642736
50,027,B,2246034056
51,066,C,2879511363
52,083,A,4062944170
53,024,B,2824021626
54,076,C,4086966143
55,085,C,861092284
56,029,C,510867615
57,081,A,3530189210
58,046,C,1550699255
59,016,A,1441341029
60,028,C,1237548190
61,010,A,737987655
62,057,B,2092151071
63,079,B,892837769
64,078,C,3259317638
65,045,B,4221910256
66,002,B,3795515913
67,071,B,2878295383
68,018,A,3388389478
69,034,B,1589858488
70,082,C,4217639326
71,031,A,3068914345
72,017,B,2351258215
73,091,B,4117216219
74,024,C,2824021626
75,061,A,1409577264
76,061,B,1409577264
77,031,B,3068914345
78,032,C,274346161
79,079,C,892837769
80,054,C,239780112
81,032,B,274346161
82,025,C,1344239227
83,063,A,780129080
84,080,A,638590857
85,007,A,1134052862
86,087,A,905135555
87,052,B,3328682765
88,040,C,2718124744
89,012,A,3235500107
90,027,A,2246034056
91,068,A,3492257102
92,013,B,3547065938
93,001,C,2308902407
94,082,B,4217639326
95,079,A,892837769
96,084,B,1491884978
97,098,A,4094446577
98,094,C,1045329890
99,012,B,3235500107
100,095,A,2086527461
101,050,B,981423875
102,095,B,2086527461
103,039,C,1562618055
104,069,B,3909979471
105,080,B,638590857
106,096,A,81147368
107,028,A,1237548190
108,001,B,2308902407
109,047,C,3638827770
110,095,C,2086527461
111,023,C,2413431416
112,043,B,2086263525
113,055,B,1893729049
114,036,A,3740019394
115,067,C,3888771405
116,067,A,3888771405
117,004,C,1435763739
118,067,B,3888771405
119,064,C,1018739006
120,014,C,1339154008
121,052,A,3328682765
122,017,A,2351258215
123,034,A,1589858488
124,070,B,1995866451
125,018,B,3388389478
126,018,C,3388389478
127,094,A,1045329890
128,090,C,2196905433
129,026,C,1551038599
130,100,C,479606782
131,015,C,2281687141
132,092,B,1654878176
133,049,C,3719347459
134,074,C,372268399
135,075,B,1024445810
136,084,C,1491884978
137,060,B,3180865829
138,074,B,372268399
139,054,A,239780112
140,051,A,4083372293
141,015,B,2281687141
142,021,C,2953555058
143,099,B,2975542265
144,021,A,2953555058
145,048,B,4028309249
146,069,A,3909979471
147,060,A,3180865829
148,093,C,3812590560
149,073,A,765789535
150,020,B,879642736
151,078,A,3259317638
152,044,B,2246927084
153,054,B,239780112
154,076,A,4086966143
155,070,A,1995866451
156,075,A,1024445810
157,008,B,2352559164
158,053,B,446552335
159,044,A,2246927084
160,092,A,1654878176
161,084,A,1491884978
162,096,B,81147368
163,048,A,4028309249
164,090,A,2196905433
165,065,B,4107515712
166,003,A,856308248
167,071,C,2878295383
168,063,B,780129080
169,003,C,856308248
170,055,A,1893729049
171,037,B,1237637316
172,013,A,3547065938
173,014,A,1339154008
174,009,C,2339893828
175,061,C,1409577264
176,082,A,4217639326
177,056,A,883251998
178,081,C,3530189210
179,096,C,81147368
180,030,C,3904149664
181,072,B,80435549
182,043,C,2086263525
183,088,A,1407884235
184,056,C,883251998
185,074,A,372268399
186,076,B,4086966143
187,080,C,638590857
188,078,B,3259317638
189,040,A,2718124744
190,016,B,1441341029
191,022,C,1270975606
192,073,C,765789535
193,083,B,4062944170
194,031,C,3068914345
195,066,A,2879511363
196,040,B,2718124744
197,004,A,1435763739
198,025,B,1344239227
199,024,A,2824021626
200,011,A,1506621514
201,075,C,1024445810
202,046,A,1550699255
203,007,B,1134052862
204,060,C,3180865829
205,062,A,2599876914
206,089,C,617065937
207,004,B,1435763739
208,068,C,3492257102
209,088,C,1407884235
210,048,C,4028309249
211,009,A,2339893828
212,037,C,1237637316
213,100,A,479606782
214,037,A,1237637316
215,069,C,3909979471
216,023,A,2413431416
217,058,B,3413471518
218,062,C,2599876914
219,094,B,1045329890
220,041,B,1869594319
221,086,C,44577213
222,085,B,861092284
223,056,B,883251998
224,073,B,765789535
225,093,B,3812590560
226,065,C,4107515712
227,019,A,3472502891
228,062,B,2599876914
229,049,B,3719347459
230,025,A,1344239227
231,091,A,4117216219
232,088,B,1407884235
233,049,A,3719347459
234,003,B,856308248
235,091,C,4117216219
236,028,B,1237548190
237,098,C,4094446577
238,038,B,1820170948
239,046,B,1550699255
240,064,B,1018739006
241,047,A,3638827770
242,070,C,1995866451
243,006,C,434764837
244,065,A,4107515712
245,022,A,1270975606
246,007,C,1134052862
247,014,B,1339154008
248,035,B,2740849343
249,055,C,1893729049
250,053,C,446552335
251,021,B,2953555058
252,097,B,2154028010
253,022,B,1270975606
254,051,B,4083372293
255,053,A,446552335
256,042,B,928032469
257,033,A,75713203
258,071,A,2878295383
259,013,C,3547065938
260,077,B,2230687110
261,077,C,2230687110
262,030,B,3904149664
263,026,A,1551038599
264,047,B,3638827770
265,010,C,737987655
266,059,B,2826658081
267,087,C,905135555
268,087,B,905135555
269,052,C,3328682765
270,019,B,3472502891
271,045,A,4221910256
272,026,B,1551038599
273,072,A,80435549
274,057,C,2092151071
275,090,B,2196905433
276,066,B,2879511363
277,033,B,75713203
278,002,A,3795515913
279,059,A,2826658081
280,063,C,780129080
281,006,A,434764837
282,039,B,1562618055
283,057,A,2092151071
284,011,B,1506621514
285,015,A,2281687141
286,083,C,4062944170
287,010,B,737987655
288,089,A,617065937
289,036,C,3740019394
290,089,B,617065937
291,006,B,434764837
292,005,B,1497335328
293,035,C,2740849343
294,085,A,861092284
295,072,C,80435549
296,042,C,928032469
297,064,A,1018739006
298,050,C,981423875
299,043,A,2086263525
300,059,C,2826658081
